"appearance_id","game_id","player_id","player_club_id","player_current_club_id","date","player_name","competition_id","yellow_cards","red_cards","goals","assists","minutes_played"
"2581258_221916",2581258,221916,5817,5817,"2015-09-25","Andreas Oggesen","DK1",0,0,0,0,79
"2718998_266795",2718998,266795,1533,2687,"2017-04-06","Gonzalo Escalante","ES1",0,0,0,0,61
"2478614_3182",2478614,3182,12,12,"2014-09-21","Ashley Cole","IT1",0,0,0,0,90
"2251557_131709",2251557,131709,398,5817,"2013-04-08","Ogenyi Onazi","IT1",0,0,0,0,90
"2594755_61812",2594755,61812,681,621,"2016-03-12","Yuri Berchiche","ES1",1,0,0,0,83
"2594737_131505",2594737,131505,1049,399,"2016-03-02","Rodrigo","ES1",0,0,0,0,25
"3063596_288549",3063596,288549,3426,3426,"2018-08-19","Jeppe Brinch","DK1",1,0,0,1,90
"2475391_7593",2475391,7593,368,897,"2015-02-08","Fernando Navarro","ES1",0,0,0,0,90
"2720985_352898",2720985,352898,1085,2995,"2017-04-02","João Amaral","PO1",0,0,1,1,90
"4066657_70754",4066657,70754,338,55686,"2023-05-20","Denys Garmash","UKR1",0,0,0,0,25
"3210352_131161",3210352,131161,190,265,"2019-10-06","Zeca","DK1",1,0,0,0,90
"3597811_196793",3597811,196793,499,80,"2021-09-12","Maximilian Wittek","NL1",1,0,0,1,90
"2224553_47769",2224553,47769,1177,1177,"2012-09-15","Bjarni Vidarsson","DK1",0,0,1,0,3
"4387783_212229",4387783,212229,7160,7160,"2024-08-11","Halil Akbunar","TR1",0,0,0,0,90
"2656749_56067",2656749,56067,1049,1531,"2016-01-28","Pablo Piatti","CDR",1,0,0,0,63
"3063668_140446",3063668,140446,865,5817,"2018-10-29","Rilwan Hassan","DK1",1,0,0,0,18
"4270616_42205",4270616,42205,46,46,"2024-01-22","Yann Sommer","SCI",0,0,0,0,90
"3433461_126414",3433461,126414,5,46,"2021-03-21","Hakan Çalhanoğlu","IT1",1,0,1,0,90
"4403398_532444",4403398,532444,265,265,"2024-12-01","Fotis Ioannidis","GR1",0,0,0,0,75
"2486724_6150",2486724,6150,762,762,"2015-02-21","Fabricio Coloccini","GB1",0,0,0,0,90
"2604259_142920",2604259,142920,458,1053,"2016-03-13","Aleksandar Trajkovski","IT1",0,0,0,0,1
"2600617_111026",2600617,111026,595,1245,"2015-12-05","Mathieu Peybernes","FR1",0,0,0,0,90
"2229863_33572",2229863,33572,40,40,"2012-08-26","Henrique","FR1",0,0,0,0,90
"2494391_77828",2494391,77828,683,833,"2014-11-09","Mathieu Dossevi","GR1",0,0,0,0,75
"2897358_22141",2897358,22141,1025,5,"2018-03-03","Antonio Mirante","IT1",0,0,0,0,90
"3050303_139208",3050303,139208,31,31,"2018-12-02","Virgil van Dijk","GB1",0,0,0,0,90
"3063777_253210",3063777,253210,5724,678,"2019-03-17","Nicolai Poulsen","DK1",1,0,0,0,90
"2331040_30698",2331040,30698,855,855,"2013-11-09","Jonathan Martins Pereira","FR1",0,0,0,0,45
"2604148_238752",2604148,238752,398,2919,"2016-01-06","Keita Baldé","IT1",0,0,0,0,45
"3614845_177843",3614845,177843,6574,6574,"2022-04-10","Domenico Berardi","IT1",0,0,0,0,71
"2483466_46415",2483466,46415,419,3057,"2014-08-28","Duje Cop","ELQ",0,0,1,0,90
"3234748_52089",3234748,52089,3729,3719,"2019-08-25","Gia Grigalava","RU1",0,0,0,0,90
"2486830_45693",2486830,45693,873,1237,"2015-05-16","Glenn Murray","GB1",0,0,1,0,8
"2428041_47074",2428041,47074,2672,2672,"2014-02-15","Vladan Milosavljev","GR1",1,0,0,0,90
"4096233_748382",4096233,748382,82,276,"2024-04-20","Amin Sarr","L1",0,0,0,0,25
"3851232_690993",3851232,690993,475,475,"2023-03-11","Daichi Hayashi","BE1",0,0,0,0,59
"3621643_95429",3621643,95429,6912,6912,"2022-02-27","Osama Rashid","PO1",0,0,0,0,84
"2871573_20081",2871573,20081,24,24,"2018-01-26","Gelson Fernandes","L1",0,0,0,0,5
"2871547_94201",2871547,94201,82,89,"2017-08-26","Robin Knoche","L1",0,0,0,0,78
"2732178_206740",2732178,206740,968,475,"2016-10-22","Elton Acolatse","BE1",0,0,0,0,74
"3925945_373374",3925945,373374,14589,14589,"2022-10-23","Brian Mansilla","RU1",0,0,0,1,90
"3047476_174196",3047476,174196,667,3911,"2018-09-15","Kenny Lala","FR1",0,0,0,0,90
"3203684_116088",3203684,116088,89,533,"2020-05-27","Marius Bülter","L1",0,0,0,0,65
"3047577_45320",3047577,45320,583,294,"2018-11-02","Ángel Di María","FR1",0,0,0,0,90
"2903725_78961",2903725,78961,370,2553,"2017-09-16","Gary Mackay-Steven","SC1",0,0,0,0,31
"2223917_60583",2223917,60583,417,1082,"2012-11-03","Jérémy Pied","FR1",0,0,0,1,36
"2224740_111376",2224740,111376,58,601,"2012-08-12","Massimo Bruno","BE1",0,0,0,0,5
"3415323_564489",3415323,564489,2727,132,"2020-10-24","Kamal Sowah","BE1",0,0,0,1,90
"2340280_249994",2340280,249994,1301,543,"2013-09-28","José Sá","PO1",0,0,0,0,90
"3292276_199856",3292276,199856,128,128,"2020-01-05","Leandro Sosa","GR1",0,0,0,0,18
"3298466_118303",3298466,118303,2696,3524,"2020-03-08","Mehdi Zeffane","RU1",0,0,0,0,90
"3069388_312123",3069388,312123,7378,7378,"2018-08-18","Lucas Possignolo","PO1",0,0,0,0,90
"2243949_58713",2243949,58713,2292,2292,"2012-11-24","Murat Kayali","TR1",0,0,0,0,90
"3394767_314940",3394767,314940,667,667,"2021-01-24","Dimitri Liénard","FR1",0,0,0,0,1
"3183702_322309",3183702,322309,2700,2700,"2019-05-20","Gaël Ondoua","RU1",0,0,0,0,90
"2478482_13572",2478482,13572,984,1010,"2014-08-23","Ben Foster","GB1",0,0,0,0,90
"3069933_333004",3069933,333004,10484,19789,"2019-03-16","Karim Hafez","TR1",0,0,0,0,19
"2731825_325429",2731825,325429,16247,3592,"2017-02-25","Maksym Zaderaka","UKR1",0,0,0,0,23
"4208078_361238",4208078,361238,6676,6676,"2024-01-10","Rubén García","GRP",0,0,0,0,30
"2904732_75458",2904732,75458,190,405,"2017-08-15","Robin Olsen","CLQ",0,0,0,0,90
"4098830_381968",4098830,381968,3057,2727,"2024-01-26","William Balikwisha","BE1",0,0,0,0,90
"4361434_450050",4361434,450050,543,543,"2024-11-23","Jean-Ricner Bellegarde","GB1",0,0,0,0,87
"4092060_404912",4092060,404912,121,49702,"2023-07-29","Vladislav Karapuzov","RU1",0,0,0,0,16
"4129472_189070",4129472,189070,2381,2381,"2023-09-23","Modou Barrow","TR1",0,0,0,0,90
"3058604_39426",3058604,39426,42,24,"2019-02-16","Nicolai Müller","L1",0,0,0,0,90
"3450456_252641",3450456,252641,865,605,"2020-09-22","Pione Sisto","CLQ",0,0,0,0,23
"2496910_71103",2496910,71103,1455,1426,"2014-09-23","Josimar Lima","NLP",0,0,0,0,90
"3415444_183383",3415444,183383,1096,157,"2021-02-07","Pieter Gerkens","BE1",0,0,1,0,90
"2485964_52956",2485964,52956,11127,11127,"2014-08-16","Gerson Acevedo","RU1",1,0,0,0,90
"2568462_103221",2568462,103221,11127,11127,"2015-05-23","Aleksandr Novikov","RU1",0,0,0,0,90
"2330881_57170",2330881,57170,595,1160,"2013-10-19","Féthi Harek","FR1",0,0,0,0,90
"3229378_80351",3229378,80351,800,800,"2020-02-02","Josip Ilicic","IT1",0,0,1,0,76
"4094875_238639",4094875,238639,3911,167,"2024-05-19","Steve Mounié","FR1",0,0,0,0,90
"3603240_36529",3603240,36529,1519,1519,"2022-04-02","Kevin McDonald","SC1",0,0,0,0,90
"4361391_392765",4361391,392765,931,931,"2024-10-19","Emile Smith Rowe","GB1",1,0,0,0,80
"2250416_61809",2250416,61809,1269,1435,"2013-03-31","Rochdi Achenteh","NL1",0,0,0,0,90
"3613037_278654",3613037,278654,11282,7160,"2022-01-16","Emre Akbaba","TR1",0,0,1,0,90
"2552233_12589",2552233,12589,371,43,"2015-04-22","Craig Gordon","SC1",0,0,0,0,90
"4174425_376110",4174425,376110,3725,6418,"2023-09-16","Jasmin Celikovic","RU1",0,0,0,0,90
"2557614_25389",2557614,25389,2759,511,"2015-05-16","Martin Woods","SC1",0,0,0,1,90
"3614569_131731",3614569,131731,3522,3205,"2021-09-22","Mehdi Bourabia","IT1",0,0,0,0,77
"2905313_264372",2905313,264372,338,12321,"2018-02-18","Viktor Tsygankov","UKR1",0,0,1,0,90
"3890171_251485",3890171,251485,2759,2759,"2023-01-07","Jordan Tillson","SC1",0,0,0,0,90
"3828526_184534",3828526,184534,2414,2414,"2023-03-03","Alexander Ludwig","DK1",1,0,0,0,76
"2486800_54890",2486800,54890,1003,1003,"2015-04-25","Leonardo Ulloa","GB1",0,0,0,0,65
"2764437_130763",2764437,130763,169,169,"2016-10-26","Marios Antoniadis","GRP",0,0,0,0,30
"2899738_145769",2899738,145769,150,366,"2018-01-21","Sergio León","ES1",0,0,0,0,73
"3081173_391065",3081173,391065,749,290,"2018-12-09","Hamed Junior Traoré","IT1",0,0,0,0,55
"3597937_376675",3597937,376675,235,235,"2022-02-06","Richard van der Venne","NL1",1,0,0,0,64
"2244138_22382",2244138,22382,36,20,"2013-04-21","Moussa Sow","TR1",0,0,0,0,33
"3216113_361104",3216113,361104,610,383,"2019-10-19","Sergiño Dest","NL1",0,0,0,2,90
"3080315_192077",3080315,192077,2999,1519,"2018-12-26","Scott McMann","SC1",0,0,0,0,90
"2720743_60795",2720743,60795,20,20,"2016-08-28","Ismail Konuk","TR1",1,0,0,0,90
"2594527_35773",2594527,35773,681,681,"2015-09-27","Carlos Vela","ES1",0,0,0,0,90
"3088895_371851",3088895,371851,2410,410,"2018-08-25","Jaka Bijol","RU1",0,0,0,0,35
"3890176_159894",3890176,159894,987,202,"2023-02-15","Kevin van Veen","SC1",0,0,1,0,79
"4361842_898715",4361842,898715,1075,1075,"2024-08-01","Vasconcelos","ELQ",0,0,0,0,18
"2459672_120443",2459672,120443,383,16795,"2014-10-26","Santiago Arias","NL1",0,0,0,0,85
"3081244_283233",3081244,283233,749,206,"2019-02-02","Jacob Rasmussen","IT1",0,0,0,0,90
"2599221_73912",2599221,73912,3725,601,"2015-08-01","Kanu","RU1",0,0,0,0,13
"4363874_569389",4363874,569389,417,417,"2024-12-15","Sofiane Diop","FR1",0,0,0,0,85
"3047609_114340",3047609,114340,618,618,"2018-11-30","Gabriel Silva","FR1",0,0,0,0,90
"4126972_424121",4126972,424121,232,232,"2023-10-04","Pavel Maslov","RUP",1,0,0,0,73
"3139997_160736",3139997,160736,29228,3057,"2019-02-17","Noë Dussenne","BE1",1,0,0,1,90
"3947825_404845",3947825,404845,6992,63007,"2022-11-10","Vladyslav Naumets","UKR1",0,0,0,1,90
"2704232_283223",2704232,283223,16,7160,"2016-09-17","Emre Mor","L1",0,0,1,0,26
"2716701_214532",2716701,214532,1420,1420,"2017-01-14","Pierrick Capelle","FR1",0,0,0,0,90
"4014321_57723",4014321,57723,720,720,"2023-01-28","Iván Marcano","POCP",0,0,1,0,90
"3233287_148368",3233287,148368,31,703,"2019-08-04","Divock Origi","GBCS",0,0,0,0,79
"3956693_599231",3956693,599231,2282,2282,"2023-02-15","Ferran Jutglà","CL",0,0,0,0,11
"2754184_326701",2754184,326701,383,200,"2016-09-13","Bart Ramselaar","CL",0,0,0,0,23
"3508439_119228",3508439,119228,800,800,"2021-01-27","Luis Muriel","CIT",0,0,0,1,63
"3058647_216181",3058647,216181,24,24,"2019-03-11","Almamy Touré","L1",0,0,0,0,90
"2718974_137704",2718974,137704,1244,653,"2017-03-11","Miguel Ángel Guerrero","ES1",0,0,0,0,68
"2529654_45331",2529654,45331,2578,2999,"2015-04-07","Brian Easton","SC1",0,0,0,0,90
"2923567_257456",2923567,257456,2425,1465,"2017-12-30","Chico Geraldes","POCP",0,0,0,1,45
"2335706_89222",2335706,89222,660,660,"2013-10-05","Yaroslav Rakitskyi","UKR1",0,0,0,0,90
"2877815_72505",2877815,72505,403,403,"2018-02-17","Thomas Meißner","NL1",0,0,0,1,81
"2330867_48859",2330867,48859,1082,5,"2013-09-24","Simon Kjær","FR1",1,0,0,0,90
"4090253_250450",4090253,250450,5724,5724,"2024-02-23","Wessel Dammers","DK1",1,0,0,0,14
"3589354_373714",3589354,373714,826,826,"2022-01-22","Wuilker Fariñez","FR1",0,0,0,0,90
"3837832_503749",3837832,503749,405,405,"2022-08-13","Jacob Ramsey","GB1",0,0,0,0,90
"2594500_120705",2594500,120705,367,12321,"2015-09-14","Juan Carlos","ES1",0,0,0,0,90
"3451475_225593",3451475,225593,1531,714,"2021-05-22","Pere Milla","ES1",0,0,0,1,90
"2482457_36039",2482457,36039,415,415,"2015-05-09","Pavle Ninkov","FR1",0,0,0,0,90
"2581349_107266",2581349,107266,5817,369,"2016-04-17","Marcel Rømer","DK1",0,0,0,0,1
"4098059_485587",4098059,485587,467,467,"2023-12-09","Dirk Proper","NL1",0,0,0,0,90
"2640742_29056",2640742,29056,1083,2698,"2015-11-30","César Navas","RU1",0,0,0,0,90
"3613212_155597",3613212,155597,126,126,"2022-05-20","Erik Sabo","TR1",0,0,0,0,90
"2332262_57207",2332262,57207,603,873,"2014-05-11","Jordon Mutch","GB1",0,0,0,0,90
"2262384_45559",2262384,45559,36,1091,"2012-09-20","Miroslav Stoch","EL",0,0,0,0,2
"3219285_44068",3219285,44068,985,141,"2020-01-01","Juan Mata","GB1",0,0,0,0,9
"3421798_182877",3421798,182877,985,2441,"2020-12-17","Anthony Martial","GB1",0,0,1,1,90
"2698427_35664",2698427,35664,11,6890,"2017-05-16","Mesut Özil","GB1",1,0,0,1,90
"3199509_57372",3199509,57372,1160,1160,"2019-12-03","Lucas Deaux","FR1",0,0,0,0,67
"4150511_584548",4150511,584548,60949,2441,"2023-10-21","Theodosis Macheras","GR1",0,0,0,0,21
"2978837_54217",2978837,54217,3368,16795,"2018-01-04","Raúl Fernández","CDR",0,0,0,0,90
"2335257_26771",2335257,26771,3691,3691,"2014-03-22","Jan Holenda","RU1",1,0,1,0,90
"4150539_630032",4150539,630032,2671,2671,"2023-12-16","Kevin Rosero","GR1",0,0,1,0,90
"3069608_372459",3069608,372459,1085,1085,"2019-02-23","André Sousa","PO1",0,0,0,0,14
"2873178_104705",2873178,104705,11127,932,"2017-08-19","Igor Portnyagin","RU1",0,0,0,0,8
"2987143_156501",2987143,156501,720,703,"2018-01-24","Felipe","POCP",0,0,0,0,90
"3252447_52380",3252447,52380,371,370,"2019-10-03","Jonny Hayes","EL",0,0,0,0,4
"3292270_207573",3292270,207573,128,3385,"2020-01-08","Aristotelis Karasalidis","GRP",0,0,0,0,90
"3432082_183945",3432082,183945,982,982,"2021-04-22","Éber Bessa","PO1",0,0,0,0,71
"3602249_244271",3602249,244271,60551,60551,"2021-10-02","Oleksandr Svatok","UKR1",0,0,0,0,90
"3291986_57723",3291986,57723,720,720,"2020-02-20","Iván Marcano","EL",1,0,0,0,90
"3840451_270411",3840451,270411,3524,3524,"2023-06-03","Saîf-Eddine Khaoui","FR1",0,0,0,0,21
"2311701_119574",2311701,119574,370,511,"2013-05-05","Joe Shaughnessy","SC1",0,0,0,0,90
"4407746_471690",4407746,471690,1049,1049,"2025-01-26","Max Aarons","ES1",0,0,0,0,30
"4129772_291760",4129772,291760,126,126,"2024-05-12","İbrahim Pehlivan","TR1",1,0,0,0,90
"3432148_415525",3432148,415525,2424,2424,"2021-02-20","Kanya Fujimoto","PO1",0,0,0,0,74
"2359216_112343",2359216,112343,1038,1038,"2013-09-01","Manolo Gabbiadini","IT1",0,0,1,0,90
"2250214_13048",2250214,13048,202,202,"2012-09-22","Luciano","NL1",0,0,0,0,90
"3837219_187293",3837219,187293,202,202,"2022-08-14","Joey Pelupessy","NL1",0,0,0,0,90
"2335683_43332",2335683,43332,16245,16239,"2013-08-17","Oleksandr Kovpak","UKR1",0,0,0,1,90
"2240094_124550",2240094,124550,294,235,"2012-12-10","Ola John","PO1",0,0,0,1,82
"2289294_7133",2289294,7133,265,265,"2013-03-17","Luciano Figueroa","GR1",0,0,0,0,67
"2942777_205503",2942777,205503,1082,1420,"2018-01-28","Ibrahim Amadou","FR1",0,0,0,0,90
"3451058_111961",3451058,111961,368,368,"2020-12-22","Suso","ES1",0,0,1,0,86
"2491050_45865",2491050,45865,449,683,"2014-10-02","Óscar Cardozo","EL",0,0,0,0,90
"3069458_224672",3069458,224672,7179,1091,"2018-10-28","Sergio Peña","PO1",0,0,0,0,90
"3167766_77760",3167766,77760,148,148,"2019-04-17","Victor Wanyama","CL",1,0,0,0,90
"3124542_57016",3124542,57016,441,441,"2018-12-01","Giannis Kontoes","GR1",1,0,0,0,90
"2609842_205503",2609842,205503,1082,1420,"2016-05-14","Ibrahim Amadou","FR1",0,0,0,0,90
"3210437_122635",3210437,122635,173,173,"2020-03-08","Issam Jebali","DK1",0,0,1,0,90
"3481589_187962",3481589,187962,6418,6418,"2020-11-22","Manolis Tzanakakis","GR1",1,0,0,0,14
"4113075_190263",4113075,190263,237,237,"2023-11-25","Predrag Rajković","ES1",0,0,0,0,90
"2251569_30593",2251569,30593,12,12,"2013-04-14","Michael Bradley","IT1",1,0,0,0,90
"3229356_167491",3229356,167491,19,252,"2020-01-19","Stefano Sabelli","IT1",0,0,0,0,90
"2459715_187603",2459715,187603,1455,1455,"2014-12-06","Jordy van Deelen","NL1",0,0,0,0,45
"4374063_748382",4374063,748382,276,276,"2024-12-15","Amin Sarr","IT1",0,0,1,0,67
"2341162_7874",2341162,7874,621,12321,"2013-10-06","Gorka Iraizoz","ES1",0,0,0,0,90
"4109444_396333",4109444,396333,8024,114,"2024-03-17","Javi Montero","PO1",0,0,0,0,90
"4374055_547985",4374055,547985,430,430,"2024-12-15","Fabiano Parisi","IT1",0,0,0,0,9
"2329827_56821",2329827,56821,498,520,"2013-11-08","Jérémy Taravel","BE1",1,0,1,0,89
"2346368_33793",2346368,33793,36,126,"2014-05-04","Gökhan Gönül","TR1",1,0,0,0,45
"3845633_171072",3845633,171072,2410,2410,"2022-07-31","Sasa Zdjelar","RU1",0,0,0,0,13
"2341165_14132",2341165,14132,418,720,"2013-09-28","Pepe","ES1",1,0,0,0,90
"4228811_424900",4228811,424900,1032,9010,"2023-12-03","Tom Holmes","FAC",0,0,0,0,90
"3517359_388513",3517359,388513,16,237,"2021-03-02","Mateu Morey","DFB",0,0,0,0,90
"2613695_130622",2613695,130622,2503,3349,"2016-05-14","Tiago Mesquita","PO1",0,0,0,0,90
"2883888_42267",2883888,42267,36,10484,"2017-10-15","Nabil Dirar","TR1",0,0,0,1,90
"3058575_190284",3058575,190284,86,60,"2019-01-19","Maximilian Eggestein","L1",0,0,0,0,90
"4109531_174694",4109531,174694,1075,4294,"2024-04-27","Rony Lopes","PO1",0,0,0,0,21
"3135868_31067",3135868,31067,24,468,"2019-02-21","Jonathan de Guzmán","EL",0,0,0,0,1
"3661877_85825",3661877,85825,1091,1091,"2021-10-03","Jasmin Kurtic","GR1",0,0,1,0,90
"3394612_490417",3394612,490417,347,1420,"2020-10-04","Ibrahima Niane","FR1",0,0,3,0,90
"4171260_182932",4171260,182932,46,610,"2023-11-29","Davy Klaassen","CL",0,0,0,0,67
"3889017_83253",3889017,83253,553,553,"2022-09-18","Reagy Ofosu","GR1",0,0,0,0,9
"2363717_15153",2363717,15153,1091,1091,"2013-08-21","Dimitrios Salpingidis","CLQ",0,0,0,0,62
"2888330_160431",2888330,160431,1090,235,"2018-03-31","Iliass Bel Hassani","NL1",0,0,0,0,2
"3839199_324278",3839199,324278,533,23826,"2022-10-22","Christoph Baumgartner","L1",1,0,0,0,61
"3838747_540941",3838747,540941,1148,1148,"2023-04-05","Mikkel Damsgaard","GB1",1,0,0,0,62
"3280879_334441",3280879,334441,14589,11127,"2020-02-28","Timur Ayupov","RU1",0,0,0,0,90
"3394776_334835",3394776,334835,40,398,"2021-01-29","Toma Bašić","FR1",1,0,0,0,90
"2883646_348267",2883646,348267,979,2457,"2017-08-20","Bruno Ramires","PO1",0,0,0,0,90
"2225805_36827",2225805,36827,631,984,"2013-04-07","Branislav Ivanovic","GB1",0,0,1,0,90
"3194822_85706",3194822,85706,350,350,"2019-08-10","Enda Stevens","GB1",0,0,0,0,90
"2341345_127457",2341345,127457,940,940,"2014-04-20","Álex López","ES1",0,0,0,0,45
"2335136_44903",2335136,44903,2696,3057,"2013-10-05","Réginal Goreux","RU1",0,0,0,0,90
"2387433_73482",2387433,73482,3008,405,"2014-01-04","James Chester","FAC",0,0,0,0,14
"3844988_301240",3844988,301240,749,749,"2023-03-11","Samuele Perisan","IT1",0,0,0,0,90
"2755779_51274",2755779,51274,3725,3725,"2016-09-10","Rizvan Utsiev","RU1",0,0,0,0,90
"3223160_37899",3223160,37899,868,868,"2019-12-28","Aydin Karabulut","TR1",0,0,0,0,35
"2873185_102043",2873185,102043,28095,49702,"2017-08-25","Sly","RU1",0,0,0,0,90
"2224688_99106",2224688,99106,173,369,"2013-04-28","Emil Larsen","DK1",0,0,0,0,87
"2470338_96734",2470338,96734,6890,6890,"2015-05-17","Gencer Cansev","TR1",1,0,0,0,90
"4373513_526845",4373513,526845,60,60,"2024-12-08","Noah Atubolu","L1",0,0,0,0,90
"3413041_361260",3413041,361260,33,533,"2020-12-06","Ozan Kabak","L1",0,0,0,0,90
"3851138_381968",3851138,381968,3057,2727,"2022-10-16","William Balikwisha","BE1",0,0,1,0,90
"3886586_20506",3886586,20506,150,150,"2023-03-12","Andrés Guardado","ES1",0,0,0,0,90
"2594504_121483",2594504,121483,13,13,"2015-09-19","Jan Oblak","ES1",0,0,0,0,90
"4103672_308279",4103672,308279,430,430,"2024-02-14","Rolando Mandragora","IT1",0,0,0,0,83
"3592287_16911",3592287,16911,1003,371,"2022-05-19","Kasper Schmeichel","GB1",0,0,0,0,90
"3886385_193784",3886385,193784,1531,1531,"2022-10-31","Carlos Clerc","ES1",0,0,0,0,90
"2250377_143182",2250377,143182,202,979,"2013-02-23","David Texeira","NL1",0,0,0,0,13
"3457495_464598",3457495,464598,2414,276,"2021-03-07","Casper Tengstedt","DK1",0,0,0,0,8
"4129757_551554",4129757,551554,924,924,"2024-05-04","Jackson Kenio","TR1",0,0,0,0,29
"3969489_634666",3969489,634666,2451,2759,"2023-01-31","Jay Henderson","SFA",0,0,0,0,90
"3434884_181179",3434884,181179,41201,41201,"2020-10-21","Soslan Takazov","RUP",0,0,1,0,45
"4374087_250153",4374087,250153,6195,6195,"2025-01-04","Pasquale Mazzocchi","IT1",0,0,0,0,4
"2224163_57343",2224163,57343,417,417,"2013-04-06","Kévin Anin","FR1",0,0,1,0,16
"3223176_169873",3223176,169873,141,6890,"2020-01-26","Şener Özbayraklı","TR1",0,0,0,0,18
"2526237_75420",2526237,75420,979,979,"2015-04-27","Bolívia","PO1",0,0,0,0,36
"3058544_423436",3058544,423436,79,2239,"2018-12-15","Santiago Ascacíbar","L1",0,0,0,0,90
"3229469_3455",3229469,3455,5,5,"2020-07-07","Zlatan Ibrahimović","IT1",0,0,1,1,67
"3839396_361260",3839396,361260,533,533,"2023-03-04","Ozan Kabak","L1",0,0,0,0,90
"2494451_75521",2494451,75521,28956,28956,"2015-01-04","Marcos Barrera","GR1",0,0,0,0,90
"4364904_74229",4364904,74229,13,13,"2024-08-28","Koke","ES1",0,0,0,0,90
"3828523_514888",3828523,514888,865,865,"2023-02-27","Oliver Sørensen","DK1",0,0,0,0,31
"2258972_61447",2258972,61447,1032,20,"2013-01-01","Jem Karacan","GB1",0,0,0,0,57
"3844991_692209",3844991,692209,1005,1005,"2023-03-12","Joan González","IT1",1,0,0,0,77
"3047457_250844",3047457,250844,1162,36,"2018-08-25","Alexander Djiku","FR1",1,0,0,0,90
"3084032_192638",3084032,192638,458,749,"2018-08-05","Nicolas Haas","CIT",1,0,0,0,47
"4393211_131731",4393211,131731,3205,3205,"2024-11-08","Mehdi Bourabia","TR1",0,0,0,0,64
"2486682_33873",2486682,33873,512,29,"2015-01-17","Asmir Begovic","GB1",0,0,0,0,90
"3851282_385635",3851282,385635,1245,1245,"2022-10-30","Regan Charles-Cook","BE1",0,0,0,0,45
"2705367_187329",2705367,187329,1184,354,"2016-08-13","Sandy Walsh","BE1",0,0,0,1,90
"2901274_176412",2901274,176412,6992,6992,"2017-12-02","Oleksiy Khoblenko","UKR1",1,0,1,0,85
"2917376_26267",2917376,26267,281,281,"2017-09-26","Fernandinho","CL",0,0,0,0,90
"2369977_100220",2369977,100220,8024,8024,"2013-10-13","Mika","POCP",1,0,0,0,90
"2590410_39724",2590410,39724,449,36,"2015-08-30","Mehmet Ekici","TR1",0,0,0,0,27
"2578229_11111",2578229,11111,29,1050,"2016-01-03","Ramiro Funes Mori","GB1",0,0,0,0,90
"3203592_279009",3203592,279009,167,39,"2020-01-18","Marco Richter","L1",0,0,1,0,90
"2270691_96452",2270691,96452,2441,653,"2012-10-28","Georgios Koutroubis","GR1",0,0,0,0,90
"3592102_503749",3592102,503749,405,405,"2022-02-19","Jacob Ramsey","GB1",0,0,0,0,90
"3464273_287183",3464273,287183,2410,1091,"2020-10-26","Fedor Chalov","RU1",0,0,1,1,90
"2251518_7109",2251518,7109,506,506,"2013-03-01","Andrea Barzagli","IT1",0,0,0,0,90
"2604021_44162",2604021,44162,12,2410,"2015-09-23","Miralem Pjanić","IT1",1,0,0,1,90
"2831520_166237",2831520,166237,12,12,"2017-03-09","Leandro Paredes","EL",0,0,0,0,8
"2503752_187744",2503752,187744,498,498,"2014-10-26","Ayanda Patosi","BE1",0,0,0,1,45
"3886512_81997",3886512,81997,3302,3302,"2023-01-27","Fernando Martínez","ES1",0,0,0,0,90
"2492363_68863",2492363,68863,46,141,"2014-10-02","Mauro Icardi","EL",0,0,1,0,90
"3432257_376441",3432257,376441,2423,2423,"2021-05-11","Allano","PO1",1,0,0,0,76
"2335641_120262",2335641,120262,4482,61825,"2013-07-27","Dmytro Nemchaninov","UKR1",1,0,0,0,90
"2594616_64363",2594616,64363,472,3060,"2015-12-12","Dani Castellano","ES1",1,0,0,0,90
"3047891_33925",3047891,33925,618,1095,"2019-05-24","Jessy Moulin","FR1",0,0,0,0,90
"2314690_6288",2314690,6288,27,79,"2013-05-25","Mario Gómez","CL",0,0,0,0,1
"3844843_392771",3844843,392771,3522,3522,"2022-10-22","Ethan Ampadu","IT1",0,0,0,0,74
"2341092_79422",2341092,79422,3368,583,"2013-09-21","Keylor Navas","ES1",0,0,0,0,90
"3432046_34077",3432046,34077,2425,2425,"2020-09-27","Tarantini","PO1",0,0,0,0,90
"2586969_126528",2586969,126528,40,40,"2015-10-25","Maxime Poundjé","FR1",0,0,0,0,90
"4103766_88683",4103766,88683,749,749,"2024-04-01","Mattia Destro","IT1",0,0,0,0,8
"2864996_338070",2864996,338070,403,31,"2017-08-27","Konstantinos Tsimikas","NL1",0,0,0,0,90
"3431110_217033",3431110,217033,964,1083,"2020-09-14","Aleksey Sutormin","RU1",0,0,0,0,6
"2704655_82361",2704655,82361,41,4,"2017-04-22","Christian Mathenia","L1",0,0,0,0,90
"2224602_37635",2224602,37635,3426,678,"2012-11-02","Jesper Lange","DK1",0,0,1,0,90
"2604217_88682",2604217,88682,5,749,"2016-02-14","Mattia De Sciglio","IT1",0,0,0,0,90
"3614898_405885",3614898,405885,6574,6195,"2022-05-15","Giacomo Raspadori","IT1",1,0,0,0,79
"3208745_164055",3208745,164055,940,940,"2019-10-30","David Juncà","ES1",0,0,0,0,90
"2986455_132203",2986455,132203,2759,465,"2018-02-17","Marcus Fraser","SC1",0,0,0,0,90
"2958646_77757",2958646,77757,601,1031,"2018-01-27","Thomas Kaminski","BE1",0,0,0,0,90
"4129722_581429",4129722,581429,126,126,"2024-04-02","Khusniddin Alikulov","TR1",1,0,0,0,90
"3614795_318077",3614795,318077,430,141,"2022-02-26","Lucas Torreira","IT1",0,0,0,0,7
"4066659_245021",4066659,245021,48332,53646,"2023-05-19","Sergiy Chobotenko","UKR1",0,0,0,0,90
"2495323_25812",2495323,25812,15,41,"2014-10-22","Emir Spahic","CL",0,0,0,0,60
"4113174_257062",4113174,257062,367,367,"2023-09-15","Álvaro García","ES1",0,0,0,1,87
"2603924_36364",2603924,36364,10690,14589,"2016-03-06","Mikhail Sivakov","UKR1",0,0,0,0,90
"2897477_47085",2897477,47085,862,2722,"2017-12-30","Nenad Tomović","IT1",0,0,0,0,90
"2877814_226524",2877814,226524,306,252,"2018-02-17","Morten Thorsby","NL1",0,0,0,0,90
"3093422_375857",3093422,375857,2410,2410,"2018-09-01","Kristijan Bistrovic","RU1",0,0,1,0,90
"2231593_14974",2231593,14974,39,39,"2013-04-20","Bo Svensson","L1",0,0,0,0,90
"2559112_93177",2559112,93177,3729,2698,"2015-05-16","Aleksandr Zotov","RU1",0,0,0,0,90
"2872441_53622",2872441,53622,281,281,"2018-04-07","İlkay Gündoğan","GB1",0,0,1,0,76
"3603144_385635",3603144,385635,2759,1245,"2021-10-02","Regan Charles-Cook","SC1",0,0,0,0,45
"2225792_45330",2225792,45330,984,984,"2013-04-27","Claudio Yacob","GB1",1,0,0,0,90
"2903802_159553",2903802,159553,511,511,"2017-12-12","Sofiane Moussa","SC1",0,0,0,0,90
"3898453_195335",3898453,195335,2239,2239,"2022-10-20","Michele Castagnetti","CIT",0,0,0,0,15
"3651571_336077",3651571,336077,36,985,"2021-09-16","Altay Bayındır","EL",0,0,0,0,90
"3956684_666234",3956684,666234,23826,23826,"2023-03-14","Mohamed Simakan","CL",0,0,0,0,27
"3838236_485706",3838236,485706,29,405,"2022-11-12","Amadou Onana","GB1",0,0,0,0,75
"3869062_454576",3869062,454576,2503,2503,"2022-08-21","Robert Bozenik","PO1",0,0,0,0,80
"4094800_111051",4094800,111051,826,826,"2024-03-09","Nampalys Mendy","FR1",0,0,0,0,82
"2351938_25633",2351938,25633,2079,2079,"2013-08-31","Petr Trapp","GR1",0,0,0,0,19
"2222802_126352",2222802,126352,121,121,"2013-04-21","Pavel Solomatin","RU1",1,0,0,0,34
"2259001_88067",2259001,88067,1039,1039,"2013-01-29","Alejandro Faurlín","GB1",0,0,0,0,1
"3431918_170472",3431918,170472,16795,1049,"2020-09-20","Dimitri Foulquier","ES1",0,0,0,0,90
"3292299_124223",3292299,124223,605,441,"2020-01-23","Nicolás Martínez","GR1",0,0,0,0,5
"2262456_5645",2262456,5645,244,244,"2012-11-08","Benoît Cheyrou","EL",0,0,0,0,90
"2478855_240958",2478855,240958,130,5,"2015-03-15","José Mauri","IT1",1,0,0,0,90
"2875200_107665",2875200,107665,865,36,"2017-11-27","Filip Novak","DK1",0,0,0,0,90
"3432237_323945",3432237,323945,979,979,"2021-05-10","Yan","PO1",0,0,0,0,20
"2231548_65255",2231548,65255,4,1123,"2013-02-17","Timm Klose","L1",0,0,1,0,90
"4370176_268112",4370176,268112,1096,1096,"2024-08-24","Gyrano Kerk","BE1",0,0,0,0,90
"4373585_196813",4373585,196813,86,86,"2025-01-15","Michael Zetterer","L1",0,0,0,0,90
"2942856_282041",2942856,282041,583,583,"2018-03-14","Presnel Kimpembe","FR1",0,0,0,0,90
"3210107_225122",3210107,225122,1049,543,"2020-07-04","Gonçalo Guedes","ES1",1,0,1,0,24
"3063604_102134",3063604,102134,1053,1177,"2018-08-27","Kasper Kusk","DK1",0,0,0,0,90
"2365986_119691",2365986,119691,1386,862,"2013-12-04","Alessandro Sbaffo","CIT",0,0,0,0,75
"4112855_623521",4112855,623521,3709,366,"2024-01-02","Juanmi Latasa","ES1",2,0,0,0,40
"2331063_84301",2331063,84301,1147,1082,"2014-03-15","Benjamin André","FR1",1,0,0,0,90
"2478695_69374",2478695,69374,12,6646,"2014-11-09","Adem Ljajic","IT1",0,0,1,0,90
"4363782_776798",4363782,776798,3911,3911,"2024-09-22","Abdallah Sima","FR1",0,0,0,1,24
"4407776_264372",4407776,264372,12321,12321,"2025-02-03","Viktor Tsygankov","ES1",0,0,0,0,74
"2329850_46185",2329850,46185,28643,354,"2013-11-10","Dalibor Veselinovic","BE1",0,0,0,0,90
"3300780_292417",3300780,292417,1003,29,"2020-01-04","Demarai Gray","FAC",0,0,0,0,90
"2899635_177065",2899635,177065,897,1237,"2017-10-23","Florin Andone","ES1",0,0,0,0,18
"2346120_45671",2346120,45671,524,36,"2013-11-30","Cenk Tosun","TR1",0,0,0,2,90
"3079454_257851",3079454,257851,1049,7160,"2018-11-10","Rúben Vezo","ES1",0,0,0,0,6
"2609389_283130",2609389,283130,1301,720,"2015-10-24","Moussa Marega","PO1",1,0,0,0,56
"3229211_317482",3229211,317482,1390,1390,"2019-09-25","Marko Rog","IT1",1,0,0,0,72
"3195263_229005",3195263,229005,583,23826,"2019-08-18","Abdou Diallo","FR1",0,0,0,0,90
"4171280_525704",4171280,525704,398,398,"2023-11-28","Nicolò Rovella","CL",1,0,0,0,79
"4094868_507341",4094868,507341,273,79,"2024-05-12","Fabian Rieder","FR1",0,0,0,0,23
"3637641_569598",3637641,569598,162,5,"2021-08-10","Youssouf Fofana","CLQ",0,0,0,0,90
"3838752_538971",3838752,538971,873,273,"2023-02-18","Naouirou Ahamada","GB1",0,0,0,0,10
"2599225_29056",2599225,29056,1083,2698,"2015-08-02","César Navas","RU1",1,0,0,0,90
"2242913_7568",2242913,7568,3368,3368,"2012-09-23","David Navarro","ES1",1,0,0,0,90
"3589330_203746",3589330,203746,162,826,"2022-01-09","Ruben Aguilar","FR1",0,0,0,0,59
"3528464_126716",3528464,126716,1050,1050,"2021-03-11","Paco Alcácer","EL",0,0,0,0,63
"3427182_48119",3427182,48119,6890,2293,"2021-05-08","Danijel Aleksic","TR1",1,0,0,0,69
"2486490_203460",2486490,203460,405,281,"2014-08-31","Jack Grealish","GB1",0,0,0,0,15
"3838681_171424",3838681,171424,281,281,"2023-04-15","Riyad Mahrez","GB1",0,0,0,0,90
"4361262_527425",4361262,527425,677,677,"2024-08-17","Luke Woolfenden","GB1",1,0,0,0,90
"2842032_19108",2842032,19108,2696,2696,"2017-04-02","Nadson","RU1",0,0,0,0,45
"2875191_23160",2875191,23160,1177,1177,"2017-11-18","Stephan Petersen","DK1",0,0,0,0,64
"4103473_603891",4103473,603891,749,749,"2023-08-19","Emmanuel Ekong","IT1",0,0,0,0,4
"2346132_52006",2346132,52006,2292,24245,"2013-12-06","Onur Ayik","TR1",0,0,0,0,18
"2495685_15049",2495685,15049,5818,5818,"2014-10-26","Thomas Hansen","DK1",1,0,0,0,90
"3070002_76386",3070002,76386,2293,2381,"2019-05-17","Mustapha Yatabaré","TR1",0,0,0,0,65
"3840048_448632",3840048,448632,1421,1421,"2022-10-02","Yehvann Diouf","FR1",0,0,0,0,90
"3219343_65477",3219343,65477,1010,1010,"2019-11-23","Troy Deeney","GB1",0,0,0,0,34
"3148603_237641",3148603,237641,3060,3060,"2019-02-03","Amr Warda","GR1",0,0,0,0,84
"2700734_58342",2700734,58342,499,499,"2016-11-19","Sheran Yeini","NL1",0,0,0,0,90
"2340300_204453",2340300,204453,2424,128,"2013-11-24","Brito","PO1",0,0,0,0,45
"3203697_119234",3203697,119234,39,39,"2020-06-06","Karim Onisiwo","L1",0,0,0,1,15
"2251401_85066",2251401,85066,1025,1025,"2012-11-25","Archimede Morleo","IT1",0,1,0,0,5
"3216059_462087",3216059,462087,306,306,"2019-08-24","Arjen van der Heide","NL1",0,0,0,0,7
"2978835_222571",2978835,222571,1050,1050,"2018-01-04","Ramiro Guerra","CDR",0,0,0,0,75
"3589325_354726",3589325,354726,826,826,"2022-01-08","Florian Sotoca","FR1",0,0,0,0,5
"2974452_167093",2974452,167093,338,338,"2017-11-29","Aleksandar Pantic","UKRP",0,0,0,0,90
"3210140_291417",3210140,291417,418,418,"2020-07-16","Ferland Mendy","ES1",0,0,0,0,90
"3602262_375180",3602262,375180,49364,49364,"2021-10-22","Oleksandr Kozak","UKR1",0,0,0,0,67
"3838756_315969",3838756,315969,985,6195,"2023-02-19","Scott McTominay","GB1",0,0,0,0,31
"2250043_7451",2250043,7451,11,11,"2012-11-28","Mikel Arteta","GB1",0,0,0,0,90
"4403396_615300",4403396,615300,6418,6418,"2024-11-30","Nikola Stajic","GR1",0,0,0,0,90
"2250239_56534",2250239,56534,1090,1268,"2012-10-07","Donny Gorter","NL1",1,0,0,0,90
"4396740_402112",4396740,402112,8024,8024,"2024-11-03","Morlaye Sylla","PO1",0,0,1,0,30
"2722882_67855",2722882,67855,820,820,"2017-05-28","Sergey Politevich","TR1",1,0,0,0,90
"3673466_64363",3673466,64363,3060,3060,"2021-10-31","Dani Castellano","GR1",0,0,0,0,90
"2367341_25734",2367341,25734,339,11127,"2013-12-12","Denys Kulakov","EL",1,0,0,0,27
"2345059_111965",2345059,111965,1064,1091,"2013-07-18","Eyal Golasa","ELQ",0,0,0,0,16
"2323739_55854",2323739,55854,2698,416,"2013-07-21","Cristian Ansaldi","RU1",1,0,0,0,90
"2545932_137648",2545932,137648,498,265,"2015-03-15","Sverrir Ingi Ingason","BE1",0,0,0,0,90
"3580975_328455",3580975,328455,235,235,"2021-08-21","Juriën Gaari","NL1",0,0,0,0,90
"4129501_177031",4129501,177031,2381,2381,"2023-10-22","Emrah Başsan","TR1",0,0,0,0,57
"2342396_52246",2342396,52246,610,995,"2013-12-22","Kolbeinn Sigthórsson","NL1",0,0,0,0,66
"4393250_278343",4393250,278343,114,114,"2024-12-21","Felix Uduokhai","TR1",0,0,0,0,90
"4233203_694355",4233203,694355,465,465,"2024-01-20","Lewis Jamieson","SFA",0,0,0,0,28
"3598123_193130",3598123,193130,601,1420,"2021-09-12","Rachid Alioui","BE1",1,0,0,1,37
"2486006_64104",2486006,64104,6994,6994,"2014-08-23","Sasa Balic","UKRP",0,0,0,0,90
"3651118_277179",3651118,277179,23826,12,"2021-11-24","Angeliño","CL",0,0,0,1,90
"2764497_17239",2764497,17239,5219,5219,"2017-02-01","Anastasios Venetis","GR1",0,0,0,0,42
"3223151_157113",3223151,157113,589,1467,"2019-12-20","Nazım Sangaré","TR1",0,0,0,0,90
"2486661_3202",2486661,3202,31,371,"2015-01-01","Kolo Touré","GB1",0,0,0,0,90
"3229417_32816",3229417,32816,1025,1025,"2020-02-29","Danilo","IT1",1,0,0,0,71
"3427170_107665",3427170,107665,36,36,"2021-05-03","Filip Novak","TR1",0,0,0,0,28
"4344179_564545",4344179,564545,15,15,"2024-05-22","Edmond Tapsoba","EL",1,0,0,0,90
"2328067_27612",2328067,27612,1053,1063,"2013-07-18","Jeppe Curth","ELQ",0,0,0,0,90
"4120584_1045187",4120584,1045187,39097,85465,"2023-08-12","Igor Krasnopir","UKR1",0,0,0,0,63
"2518676_133668",2518676,133668,128,2671,"2015-04-25","Panagiotis Triadis","GR1",0,0,0,0,17
"2289268_192409",2289268,192409,2441,653,"2013-02-24","Taxiarchis Fountas","GR1",1,0,0,0,80
"4373968_70411",4373968,70411,276,276,"2024-10-04","Darko Lazović","IT1",0,0,0,0,90
"2518668_173589",2518668,173589,265,3999,"2015-04-19","Viktor Klonaridis","GR1",0,0,0,0,65
"4271740_476219",4271740,476219,370,12321,"2024-02-10","Bojan Miovski","SFA",0,0,2,0,58
"2588997_146227",2588997,146227,610,472,"2015-11-08","Jasper Cillessen","NL1",0,0,0,0,90
"4129740_80059",4129740,80059,36,6646,"2024-04-22","Serdar Dursun","TR1",0,0,0,0,19
"3120728_70097",3120728,70097,2410,2410,"2018-11-11","Georgiy Shchennikov","RU1",0,0,0,0,90
"3461745_282734",3461745,282734,338,110302,"2020-10-28","Gerson Rodrigues","CL",0,0,0,0,1
"2266370_96498",2266370,96498,4482,63007,"2012-10-31","Oleksandr Nasonov","UKRP",0,0,0,0,90
"3651687_513245",3651687,513245,24,29,"2021-09-30","Jesper Lindstrøm","EL",0,0,0,1,18
"3673493_190513",3673493,190513,441,3999,"2021-11-21","Vykintas Slivka","GR1",0,0,0,0,31
"4056369_187460",4056369,187460,49702,49702,"2023-05-22","Vyacheslav Krotov","RU1",0,0,1,0,31
"3210060_184672",3210060,184672,1244,1531,"2020-06-19","Guido Carrillo","ES1",1,0,0,0,90
"3840412_474800",3840412,474800,826,826,"2023-05-06","Facundo Medina","FR1",1,0,0,0,90
"2289392_34944",2289392,34944,683,605,"2013-02-27","Konstantinos Mitroglou","GRP",0,0,0,0,75
"2243777_114499",2243777,114499,820,820,"2012-08-25","Özgür Ileri","TR1",0,0,0,0,45
"2611308_45340",2611308,45340,6890,24245,"2016-05-14","Alexandru Epureanu","TR1",1,0,0,0,90
"4370169_499758",4370169,499758,2282,2282,"2024-08-18","Hugo Vetlesen","BE1",0,0,0,0,75
"4373346_404950",4373346,404950,23826,23826,"2024-09-22","Nicolas Seiwald","L1",0,0,0,0,90
"2544484_91849",2544484,91849,190,190,"2015-04-30","Thomas Delaney","DKP",0,0,0,0,90
"2224866_29894",2224866,29894,498,29228,"2012-12-15","Georgios Galitsios","BE1",0,0,0,0,90
"4120589_913115",4120589,913115,55686,39097,"2023-12-07","Kostyantyn Bychek","UKR1",2,0,0,0,41
"3047872_40014",3047872,40014,1421,553,"2019-05-11","Alaixys Romao","FR1",0,0,0,0,83
"3413138_194638",3413138,194638,82,82,"2021-01-16","Renato Steffen","L1",0,0,1,0,85
"2847881_65966",2847881,65966,932,932,"2017-04-29","Aleksandr Kolomeytsev","RU1",0,0,0,0,63
"4150544_113045",4150544,113045,265,265,"2023-12-20","Rubén Pérez","GR1",0,0,0,0,61
"3063738_293325",3063738,293325,5724,5724,"2019-02-17","Emil Riis","DK1",0,1,0,0,4
"3420928_94925",3420928,94925,16239,83678,"2021-02-13","Yegor Kartushov","UKR1",0,0,0,0,23
"2627933_90769",2627933,90769,18303,55686,"2015-10-28","Vitaliy Ponomar","UKRP",0,0,0,0,90
"3651068_18922",3651068,18922,418,418,"2021-09-28","Karim Benzema","CL",0,0,1,0,90
"2334984_128196",2334984,128196,2759,2759,"2013-12-29","Ben Gordon","SC1",0,0,0,0,90
"2251951_95949",2251951,95949,2451,511,"2013-03-09","Nick Ross","SC1",0,0,0,0,32
"3212647_362835",3212647,362835,7378,7378,"2020-06-30","Júnior Tavares","PO1",0,0,0,0,84
"2270869_96881",2270869,96881,2079,2079,"2012-12-09","Dimitrios Amarantidis","GR1",0,0,0,0,90
"2470301_261611",2470301,261611,126,443,"2015-04-19","Ali Adnan","TR1",0,0,0,0,6
"2475441_7781",2475441,7781,3709,1108,"2015-03-16","Alexis Ruano","ES1",1,0,0,0,90
"3956713_535834",3956713,535834,162,162,"2023-02-16","Eliot Matazo","EL",0,0,0,0,19
"2620464_57814",2620464,57814,1091,1091,"2015-09-12","Miguel Vítor","GR1",0,0,0,0,90
"3084101_33862",3084101,33862,1096,10484,"2018-08-19","Sinan Bolat","BE1",0,0,0,0,90
"2700665_74294",2700665,74294,610,368,"2016-09-11","Nemanja Gudelj","NL1",0,0,0,0,90
"2594636_296622",2594636,296622,714,405,"2015-12-30","Marco Asensio","ES1",0,0,0,0,90
"2887621_248935",2887621,248935,23611,39097,"2017-08-03","Pavlo Lukyanchuk","ELQ",0,0,0,0,45
"2921356_102581",2921356,102581,16704,16704,"2017-09-29","Sergey Petrov","RU1",0,0,0,0,90
"3394807_58295",3394807,58295,969,969,"2021-02-13","Petar Skuletic","FR1",0,0,0,0,10
"2713052_166575",2713052,166575,23611,60551,"2016-08-07","Zauri Makharadze","UKR1",0,0,0,0,90
"2668339_44068",2668339,44068,985,141,"2016-03-10","Juan Mata","EL",0,0,0,0,79
"3264454_91801",3264454,91801,2740,2740,"2019-12-14","Oleksandr Sklyar","UKR1",1,0,0,0,90
"2618547_141834",2618547,141834,720,150,"2015-09-16","Cristian Tello","CL",0,0,0,0,25
"2526224_72835",2526224,72835,1465,1465,"2015-04-19","Diogo Amado","PO1",1,0,0,0,90
"3462274_207929",3462274,207929,148,1047,"2020-10-22","Dele Alli","EL",0,0,0,0,28
"3602551_500067",3602551,500067,2410,368,"2022-02-26","Chidera Ejuke","RU1",1,0,0,0,15
"2698194_41112",2698194,41112,1010,683,"2016-12-10","Jose Cholevas","GB1",1,0,0,2,90
"2704486_143891",2704486,143891,60,60,"2017-01-29","Maximilian Philipp","L1",0,0,0,0,90
"3203671_57071",3203671,57071,23826,23826,"2020-05-24","Péter Gulácsi","L1",0,0,0,0,90
"2702826_23914",2702826,23914,244,583,"2016-12-21","Lassana Diarra","FR1",0,0,0,0,11
"2903728_54268",2903728,54268,2999,2999,"2017-09-16","David Templeton","SC1",0,0,0,1,52
"2486606_111630",2486606,111630,148,2441,"2014-12-03","Erik Lamela","GB1",0,0,0,0,74
"3136616_157506",3136616,157506,873,371,"2019-01-05","Jeffrey Schlupp","FAC",0,0,0,1,90
"2818515_189151",2818515,189151,1091,868,"2017-02-12","Stelios Kitsiou","GR1",0,0,0,0,90
"2923636_292775",2923636,292775,1301,553,"2017-12-21","Ricardo Valente","POCP",0,0,0,0,20
"2334985_127984",2334985,127984,2451,511,"2013-12-29","Josh Meekings","SC1",0,0,0,0,90
"3069944_292199",3069944,292199,449,449,"2019-04-05","Uğurcan Çakır","TR1",0,0,0,0,90
"3451041_107010",3451041,107010,13,449,"2020-12-19","Stefan Savic","ES1",0,0,0,0,90
"3081310_216569",3081310,216569,6574,417,"2019-03-16","Jérémie Boga","IT1",0,0,1,0,90
"2250305_93393",2250305,93393,1269,1269,"2012-12-08","Darryl Lachman","NL1",1,0,0,0,90
"3613210_55501",3613210,55501,19789,19789,"2022-05-21","Baris Basdas","TR1",0,1,0,0,23
"4095150_14086",4095150,14086,29,29,"2023-10-07","Ashley Young","GB1",1,0,0,0,90
"2482456_29434",2482456,29434,583,618,"2015-05-08","Yohan Cabaye","FR1",0,0,0,0,69
"2875090_189989",2875090,189989,865,5817,"2017-07-16","Simon Kroon","DK1",1,0,0,0,90
"3886593_390688",3886593,390688,3709,3709,"2023-03-19","Juan Iglesias","ES1",0,0,0,0,28
"2897471_85825",2897471,85825,800,1091,"2017-12-23","Jasmin Kurtic","IT1",0,0,0,0,10
"3592035_53622",3592035,53622,281,281,"2021-11-21","İlkay Gündoğan","GB1",0,0,0,0,90
"2224570_89082",2224570,89082,206,206,"2012-07-30","Franck Semou","DK1",1,0,0,1,90
"3828424_525990",3828424,525990,5724,5817,"2022-07-31","Tobias Klysner","DK1",0,0,0,0,7
"2332079_35099",2332079,35099,289,1519,"2013-11-10","Steven Fletcher","GB1",0,0,0,0,77
"2701642_60561",2701642,60561,1041,995,"2016-09-21","Anthony Lopes","FR1",0,0,0,0,90
"3714014_202591",3714014,202591,23826,23826,"2022-02-17","Benjamin Henrichs","EL",0,0,0,0,45
"2456475_54928",2456475,54928,13,1390,"2014-05-24","Diego Godín","CL",1,0,1,0,120
"2385084_45970",2385084,45970,1091,2671,"2014-02-20","Stefanos Athanasiadis","EL",0,0,0,0,90
"3223079_50483",3223079,50483,868,868,"2019-10-19","Korcan Celikay","TR1",0,0,0,0,90
"2351941_236785",2351941,236785,5220,2671,"2013-08-31","Chrysovalantis Kozoronis","GR1",1,0,0,0,90
"3852647_575693",3852647,575693,467,415,"2023-01-21","Ibrahim Cissoko","NL1",0,0,1,0,75
"2604247_80351",2604247,80351,430,800,"2016-03-04","Josip Ilicic","IT1",0,0,1,0,67
"2578178_50219",2578178,50219,31,2282,"2016-03-02","Simon Mignolet","GB1",0,0,0,0,90
"3426878_216603",3426878,216603,6890,36,"2020-11-21","İrfan Can Kahveci","TR1",0,0,0,0,76
"3607621_142031",3607621,142031,1531,237,"2022-01-10","Omar Mascarell","ES1",0,0,0,0,90
"4120924_61813",4120924,61813,987,987,"2023-11-11","Calum Butcher","SC1",1,0,0,0,90
"4120713_213974",4120713,213974,55686,6992,"2024-03-02","Artem Gabelok","UKR1",1,0,0,0,90
"4094818_1247360",4094818,1247360,3524,3524,"2024-03-31","Ivan M'Bahia","FR1",1,0,0,0,13
"3130834_34296",3130834,34296,169,169,"2019-01-30","Athanasios Papageorgiou","GR1",0,0,0,0,90
"2875141_61763",2875141,61763,190,190,"2017-09-17","Michael Lüftner","DK1",0,0,0,0,90
"2640896_45161",2640896,45161,3508,29228,"2015-11-27","Mbaye Leye","BE1",0,0,0,0,90
"3426673_332049",3426673,332049,19789,19789,"2020-09-18","Issam Chebake","TR1",1,0,0,0,90
"2510835_59083",2510835,59083,2740,2740,"2015-02-28","Oleg Barannik","UKR1",0,0,0,0,80
"4272773_381724",4272773,381724,16704,16704,"2024-04-24","Victor Sá","RU1",0,0,0,0,90
"3890177_467437",3890177,467437,124,383,"2022-12-15","Malik Tillman","SC1",0,0,0,2,87
"2335093_66521",2335093,66521,2410,499,"2013-08-18","Keisuke Honda","RU1",0,0,0,1,90
"3069991_133078",3069991,133078,10484,833,"2019-05-12","Syam Ben Youssef","TR1",0,0,1,0,90
"3969494_463760",3969494,463760,465,465,"2023-01-21","Ethan Erhahon","SFA",0,0,0,0,74
"3433413_92899",3433413,92899,410,410,"2021-02-21","Marvin Zeegelaar","IT1",1,0,0,0,67
"3081341_39828",3081341,39828,130,130,"2019-04-06","Antonino Barillà","IT1",0,0,0,0,90
"2459831_187245",2459831,187245,403,385,"2015-03-21","Mitchell Dijks","NL1",0,0,0,0,90
"4445055_406625",4445055,406625,46,46,"2025-01-29","Lautaro Martínez","CL",0,0,3,0,76
"4121020_276914",4121020,276914,124,124,"2024-04-07","Scott Wright","SC1",0,0,0,0,45
"3431935_111819",3431935,111819,131,11,"2020-10-01","Neto","ES1",0,0,0,0,90
"2289392_101615",2289392,101615,2671,2671,"2013-02-27","Nikolaos Babaniotis","GRP",0,0,0,0,90
"3613208_873542",3613208,873542,3205,3205,"2022-05-21","Hayrullah Erkip","TR1",0,0,0,0,45
"2359409_23284",2359409,23284,430,749,"2014-01-26","Manuel Pasqual","IT1",0,0,0,0,90
"2704307_66058",2704307,66058,15,589,"2016-10-29","Admir Mehmedi","L1",1,0,1,0,87
"2718873_81532",2718873,81532,897,1467,"2017-01-06","Celso Borges","ES1",0,0,1,0,90
"4109337_498237",4109337,498237,720,683,"2023-09-29","David Carmo","PO1",1,0,0,0,90
"4129668_157113",4129668,157113,6646,1467,"2024-02-16","Nazım Sangaré","TR1",0,0,0,0,90
"4376359_685854",4376359,685854,2698,2698,"2024-08-09","Ruslan Bezrukov","RU1",0,0,0,0,90
"2929459_501612",2929459,501612,16247,48726,"2017-10-25","Yuriy Klymchuk","UKRP",0,0,1,0,120
"3135811_141050",3135811,141050,720,583,"2019-03-06","Danilo Pereira","CL",1,0,0,0,120
"4098771_207015",4098771,207015,1096,1096,"2023-08-18","Vincent Janssen","BE1",1,0,1,0,80
"2486392_113358",2486392,113358,354,232,"2014-08-16","Sofiane Hanni","BE1",0,0,0,0,90
"4403430_640026",4403430,640026,1091,1091,"2024-11-03","Shola Shoretire","GR1",0,0,0,0,1
